{
  "name" : "ABC Ground Floor",
  "originalScaleFactor": 1,
  "referenceScaleFactor": 100,

  "rooms": [
    {
      "name": "A-005",
      "type": "room",
      "coordinates": [
        {
          "x": 64700,
          "y": 13600
        },
        {
          "x": 64700,
          "y": 31000
        },
        {
          "x": 87000,
          "y": 31000
        },
        {
          "x": 87000,
          "y": 13000
        },
        {
          "x": 65000,
          "y": 13000
        },
        {
          "x": 64700,
          "y": 13600
        }
      ]
    },
    {
      "name": "A-004",
      "type": "room",
      "coordinates": [
        {
          "x": 64600,
          "y": 31300
        },
        {
          "x": 64600,
          "y": 42000
        },
        {
          "x": 87000,
          "y": 42000
        },
        {
          "x": 87000,
          "y": 31000
        },
        {
          "x": 65000,
          "y": 31000
        },
        {
          "x": 64600,
          "y": 31300
        }
      ]
    },
    {
      "name": "A-003",
      "type": "room",
      "coordinates": [
        {
          "x": 64500,
          "y": 42400
        },
        {
          "x": 64500,
          "y": 54000
        },
        {
          "x": 86000,
          "y": 54000
        },
        {
          "x": 86000,
          "y": 42000
        },
        {
          "x": 65000,
          "y": 42000
        },
        {
          "x": 64500,
          "y": 42400
        }
      ]
    },
    {
      "name": "A-002",
      "type": "room",
      "coordinates": [
        {
          "x": 63800,
          "y": 65200
        },
        {
          "x": 63800,
          "y": 87000
        },
        {
          "x": 87000,
          "y": 87000
        },
        {
          "x": 87000,
          "y": 65000
        },
        {
          "x": 64000,
          "y": 65000
        },
        {
          "x": 63800,
          "y": 65200
        }
      ]
    },
    {
      "name": "A-001",
      "type": "room",
      "coordinates": [
        {
          "x": 64500,
          "y": 87300
        },
        {
          "x": 64500,
          "y": 109000
        },
        {
          "x": 87000,
          "y": 109000
        },
        {
          "x": 87000,
          "y": 87000
        },
        {
          "x": 65000,
          "y": 87000
        },
        {
          "x": 64500,
          "y": 87300
        }
      ]
    },
    {
      "name": "B-003",
      "type": "room",
      "coordinates": [
        {
          "x": 64600,
          "y": 110300
        },
        {
          "x": 64600,
          "y": 121000
        },
        {
          "x": 81000,
          "y": 121000
        },
        {
          "x": 81000,
          "y": 110000
        },
        {
          "x": 65000,
          "y": 110000
        },
        {
          "x": 64600,
          "y": 110300
        }
      ]
    },
    {
      "name": "B-002",
      "type": "room",
      "coordinates": [
        {
          "x": 70100,
          "y": 121600
        },
        {
          "x": 70100,
          "y": 132000
        },
        {
          "x": 87000,
          "y": 132000
        },
        {
          "x": 87000,
          "y": 121000
        },
        {
          "x": 70000,
          "y": 121000
        },
        {
          "x": 70100,
          "y": 121600
        }
      ]
    },
    {
      "name": "B-001",
      "type": "room",
      "coordinates": [
        {
          "x": 75500,
          "y": 131800
        },
        {
          "x": 75500,
          "y": 141000
        },
        {
          "x": 87000,
          "y": 141000
        },
        {
          "x": 87000,
          "y": 132000
        },
        {
          "x": 76000,
          "y": 132000
        },
        {
          "x": 75500,
          "y": 131800
        }
      ]
    },
    {
      "name": "E/R",
      "type": "room",
      "coordinates": [
        {
          "x": 76000,
          "y": 188300
        },
        {
          "x": 76000,
          "y": 198000
        },
        {
          "x": 87000,
          "y": 198000
        },
        {
          "x": 87000,
          "y": 189000
        },
        {
          "x": 76000,
          "y": 189000
        },
        {
          "x": 76000,
          "y": 188300
        }
      ]
    },
    {
      "name": "ROOM",
      "type": "room",
      "coordinates": [
        {
          "x": 70200,
          "y": 198600
        },
        {
          "x": 70200,
          "y": 209000
        },
        {
          "x": 87000,
          "y": 209000
        },
        {
          "x": 87000,
          "y": 198000
        },
        {
          "x": 70000,
          "y": 198000
        },
        {
          "x": 70200,
          "y": 198600
        }
      ]
    },
    {
      "name": "ROOM",
      "type": "room",
      "coordinates": [
        {
          "x": 64400,
          "y": 208500
        },
        {
          "x": 64400,
          "y": 220000
        },
        {
          "x": 81000,
          "y": 220000
        },
        {
          "x": 81000,
          "y": 209000
        },
        {
          "x": 65000,
          "y": 209000
        },
        {
          "x": 64400,
          "y": 208500
        }
      ]
    },
    {
      "name": "A-006",
      "type": "room",
      "coordinates": [
        {
          "x": 94300,
          "y": 12800
        },
        {
          "x": 94300,
          "y": 36000
        },
        {
          "x": 137000,
          "y": 36000
        },
        {
          "x": 137000,
          "y": 13000
        },
        {
          "x": 94000,
          "y": 13000
        },
        {
          "x": 94300,
          "y": 12800
        }
      ]
    },
    {
      "name": "A-007",
      "type": "room",
      "coordinates": [
        {
          "x": 94400,
          "y": 36700
        },
        {
          "x": 94400,
          "y": 58000
        },
        {
          "x": 137000,
          "y": 58000
        },
        {
          "x": 137000,
          "y": 36000
        },
        {
          "x": 94000,
          "y": 36000
        },
        {
          "x": 94400,
          "y": 36700
        }
      ]
    },
    {
      "name": "A-009",
      "type": "room",
      "coordinates": [
        {
          "x": 136900,
          "y": 13400
        },
        {
          "x": 136900,
          "y": 36000
        },
        {
          "x": 158000,
          "y": 36000
        },
        {
          "x": 158000,
          "y": 13000
        },
        {
          "x": 137000,
          "y": 13000
        },
        {
          "x": 136900,
          "y": 13400
        }
      ]
    },
    {
      "name": "A-008",
      "type": "room",
      "coordinates": [
        {
          "x": 137000,
          "y": 36300
        },
        {
          "x": 137000,
          "y": 58000
        },
        {
          "x": 158000,
          "y": 58000
        },
        {
          "x": 158000,
          "y": 36000
        },
        {
          "x": 137000,
          "y": 36000
        },
        {
          "x": 137000,
          "y": 36300
        }
      ]
    },
    {
      "name": "ST",
      "type": "room",
      "coordinates": [
        {
          "x": 165500,
          "y": 27500
        },
        {
          "x": 173000,
          "y": 27500
        },
        {
          "x": 173000,
          "y": 13000
        },
        {
          "x": 165000,
          "y": 13000
        },
        {
          "x": 165000,
          "y": 28000
        },
        {
          "x": 165500,
          "y": 27500
        }
      ]
    },
    {
      "name": "GT",
      "type": "room",
      "coordinates": [
        {
          "x": 173000,
          "y": 13300
        },
        {
          "x": 173000,
          "y": 28000
        },
        {
          "x": 188000,
          "y": 28000
        },
        {
          "x": 188000,
          "y": 13000
        },
        {
          "x": 173000,
          "y": 13000
        },
        {
          "x": 173000,
          "y": 13300
        }
      ]
    },
    {
      "name": "A-012",
      "type": "room",
      "coordinates": [
        {
          "x": 164900,
          "y": 36000
        },
        {
          "x": 164900,
          "y": 58000
        },
        {
          "x": 188000,
          "y": 58000
        },
        {
          "x": 188000,
          "y": 36000
        },
        {
          "x": 165000,
          "y": 36000
        },
        {
          "x": 164900,
          "y": 36000
        }
      ]
    },
    {
      "name": "lobby",
      "type": "room",
      "coordinates": [
        {
          "x": 171400,
          "y": 28100
        },
        {
          "x": 171400,
          "y": 36000
        },
        {
          "x": 185000,
          "y": 36000
        },
        {
          "x": 185000,
          "y": 28000
        },
        {
          "x": 171000,
          "y": 28000
        },
        {
          "x": 171400,
          "y": 28100
        }
      ]
    },
    {
      "name": "A-013",
      "type": "room",
      "coordinates": [
        {
          "x": 165200,
          "y": 76300
        },
        {
          "x": 165200,
          "y": 99000
        },
        {
          "x": 188000,
          "y": 99000
        },
        {
          "x": 188000,
          "y": 76000
        },
        {
          "x": 165000,
          "y": 76000
        },
        {
          "x": 165200,
          "y": 76300
        }
      ]
    },
    {
      "name": "B-007",
      "type": "room",
      "coordinates": [
        {
          "x": 165200,
          "y": 99300
        },
        {
          "x": 165200,
          "y": 121000
        },
        {
          "x": 188000,
          "y": 121000
        },
        {
          "x": 188000,
          "y": 99000
        },
        {
          "x": 165000,
          "y": 99000
        },
        {
          "x": 165200,
          "y": 99300
        }
      ]
    },
    {
      "name": "B-008",
      "type": "room",
      "coordinates": [
        {
          "x": 165200,
          "y": 120800
        },
        {
          "x": 165200,
          "y": 141000
        },
        {
          "x": 188000,
          "y": 141000
        },
        {
          "x": 188000,
          "y": 121000
        },
        {
          "x": 165000,
          "y": 121000
        },
        {
          "x": 165200,
          "y": 120800
        }
      ]
    },
    {
      "name": "GT",
      "type": "room",
      "coordinates": [
        {
          "x": 171100,
          "y": 141900
        },
        {
          "x": 171100,
          "y": 148000
        },
        {
          "x": 183000,
          "y": 148000
        },
        {
          "x": 183000,
          "y": 142000
        },
        {
          "x": 172000,
          "y": 142000
        },
        {
          "x": 171100,
          "y": 141900
        }
      ]
    },
    {
      "name": "GT",
      "type": "room",
      "coordinates": [
        {
          "x": 171000,
          "y": 147700
        },
        {
          "x": 171000,
          "y": 161000
        },
        {
          "x": 189000,
          "y": 161000
        },
        {
          "x": 189000,
          "y": 152000
        },
        {
          "x": 183000,
          "y": 152000
        },
        {
          "x": 183000,
          "y": 148000
        },
        {
          "x": 171000,
          "y": 148000
        },
        {
          "x": 171000,
          "y": 147700
        }
      ]
    },
    {
      "name": "GT",
      "type": "room",
      "coordinates": [
        {
          "x": 170900,
          "y": 168000
        },
        {
          "x": 170900,
          "y": 178000
        },
        {
          "x": 189000,
          "y": 178000
        },
        {
          "x": 189000,
          "y": 168000
        },
        {
          "x": 171000,
          "y": 168000
        },
        {
          "x": 170900,
          "y": 168000
        }
      ]
    },
    {
      "name": "GT",
      "type": "room",
      "coordinates": [
        {
          "x": 171000,
          "y": 178100
        },
        {
          "x": 171000,
          "y": 188000
        },
        {
          "x": 183000,
          "y": 188000
        },
        {
          "x": 183000,
          "y": 178000
        },
        {
          "x": 171000,
          "y": 178000
        },
        {
          "x": 171000,
          "y": 178100
        }
      ]
    },
    {
      "name": "B-011",
      "type": "room",
      "coordinates": [
        {
          "x": 165100,
          "y": 188700
        },
        {
          "x": 165100,
          "y": 219000
        },
        {
          "x": 188000,
          "y": 219000
        },
        {
          "x": 188000,
          "y": 189000
        },
        {
          "x": 165000,
          "y": 189000
        },
        {
          "x": 165100,
          "y": 188700
        }
      ]
    },
    {
      "name": "C-008",
      "type": "room",
      "coordinates": [
        {
          "x": 165100,
          "y": 219300
        },
        {
          "x": 165100,
          "y": 243000
        },
        {
          "x": 187000,
          "y": 243000
        },
        {
          "x": 187000,
          "y": 219000
        },
        {
          "x": 165000,
          "y": 219000
        },
        {
          "x": 165100,
          "y": 219300
        }
      ]
    },
    {
      "name": "C-009",
      "type": "room",
      "coordinates": [
        {
          "x": 165100,
          "y": 242700
        },
        {
          "x": 165100,
          "y": 265000
        },
        {
          "x": 188000,
          "y": 265000
        },
        {
          "x": 188000,
          "y": 242000
        },
        {
          "x": 165000,
          "y": 242000
        },
        {
          "x": 165100,
          "y": 242700
        }
      ]
    },
    {
      "name": "LT",
      "type": "room",
      "coordinates": [
        {
          "x": 165100,
          "y": 265700
        },
        {
          "x": 165100,
          "y": 276000
        },
        {
          "x": 188000,
          "y": 276000
        },
        {
          "x": 188000,
          "y": 265000
        },
        {
          "x": 165000,
          "y": 265000
        },
        {
          "x": 165100,
          "y": 265700
        }
      ]
    },
    {
      "name": "GT",
      "type": "room",
      "coordinates": [
        {
          "x": 165200,
          "y": 276600
        },
        {
          "x": 165200,
          "y": 287000
        },
        {
          "x": 188000,
          "y": 287000
        },
        {
          "x": 188000,
          "y": 276000
        },
        {
          "x": 165000,
          "y": 276000
        },
        {
          "x": 165200,
          "y": 276600
        }
      ]
    },
    {
      "name": "C-004",
      "type": "room",
      "coordinates": [
        {
          "x": 157800,
          "y": 287400
        },
        {
          "x": 157800,
          "y": 311000
        },
        {
          "x": 165000,
          "y": 311000
        },
        {
          "x": 165000,
          "y": 316000
        },
        {
          "x": 188000,
          "y": 316000
        },
        {
          "x": 188000,
          "y": 288000
        },
        {
          "x": 158000,
          "y": 288000
        },
        {
          "x": 157800,
          "y": 287400
        }
      ]
    },
    {
      "name": "C-001",
      "type": "room",
      "coordinates": [
        {
          "x": 94500,
          "y": 288000
        },
        {
          "x": 94500,
          "y": 315000
        },
        {
          "x": 158000,
          "y": 315000
        },
        {
          "x": 158000,
          "y": 288000
        },
        {
          "x": 94000,
          "y": 288000
        },
        {
          "x": 94500,
          "y": 288000
        }
      ]
    },
    {
      "name": "C-002",
      "type": "room",
      "coordinates": [
        {
          "x": 136600,
          "y": 264800
        },
        {
          "x": 136600,
          "y": 281000
        },
        {
          "x": 148000,
          "y": 281000
        },
        {
          "x": 148000,
          "y": 265000
        },
        {
          "x": 137000,
          "y": 265000
        },
        {
          "x": 136600,
          "y": 264800
        }
      ]
    },
    {
      "name": "C-001",
      "type": "room",
      "coordinates": [
        {
          "x": 148100,
          "y": 264600
        },
        {
          "x": 148100,
          "y": 281000
        },
        {
          "x": 158000,
          "y": 281000
        },
        {
          "x": 158000,
          "y": 265000
        },
        {
          "x": 148000,
          "y": 265000
        },
        {
          "x": 148100,
          "y": 264600
        }
      ]
    },
    {
      "name": "Block-C LandScapeCourt",
      "type": "room",
      "coordinates": [
        {
          "x": 94600,
          "y": 218700
        },
        {
          "x": 94600,
          "y": 265000
        },
        {
          "x": 158000,
          "y": 265000
        },
        {
          "x": 158000,
          "y": 218000
        },
        {
          "x": 95000,
          "y": 218000
        },
        {
          "x": 94600,
          "y": 218700
        }
      ]
    },
    {
      "name": "ROCK",
      "type": "room",
      "coordinates": [
        {
          "x": 94200,
          "y": 188400
        },
        {
          "x": 94200,
          "y": 218000
        },
        {
          "x": 158000,
          "y": 218000
        },
        {
          "x": 158000,
          "y": 188000
        },
        {
          "x": 94000,
          "y": 188000
        },
        {
          "x": 94200,
          "y": 188400
        }
      ]
    },
    {
      "name": "Block-B LandScapeCourt",
      "type": "room",
      "coordinates": [
        {
          "x": 111500,
          "y": 147800
        },
        {
          "x": 111500,
          "y": 182000
        },
        {
          "x": 158000,
          "y": 182000
        },
        {
          "x": 158000,
          "y": 147000
        },
        {
          "x": 112000,
          "y": 147000
        },
        {
          "x": 111500,
          "y": 147800
        }
      ]
    },
    {
      "name": "LIFT",
      "type": "room",
      "coordinates": [
        {
          "x": 109400,
          "y": 173300
        },
        {
          "x": 109400,
          "y": 181000
        },
        {
          "x": 104000,
          "y": 181000
        },
        {
          "x": 104000,
          "y": 173000
        },
        {
          "x": 110000,
          "y": 173000
        },
        {
          "x": 109400,
          "y": 173300
        }
      ]
    },
    {
      "name": "ROOM",
      "type": "room",
      "coordinates": [
        {
          "x": 103700,
          "y": 148300
        },
        {
          "x": 103700,
          "y": 157000
        },
        {
          "x": 110000,
          "y": 157000
        },
        {
          "x": 110000,
          "y": 148000
        },
        {
          "x": 104000,
          "y": 148000
        },
        {
          "x": 103700,
          "y": 148300
        }
      ]
    },
    {
      "name": "Stairs",
      "type": "room",
      "coordinates": [
        {
          "x": 98000,
          "y": 156500
        },
        {
          "x": 98000,
          "y": 173000
        },
        {
          "x": 114000,
          "y": 173000
        },
        {
          "x": 114000,
          "y": 157000
        },
        {
          "x": 98000,
          "y": 157000
        },
        {
          "x": 98000,
          "y": 156500
        }
      ]
    },
    {
      "name": "Block-A LandscapeCourt",
      "type": "room",
      "coordinates": [
        {
          "x": 94300,
          "y": 65000
        },
        {
          "x": 94300,
          "y": 111000
        },
        {
          "x": 158000,
          "y": 111000
        },
        {
          "x": 158000,
          "y": 65000
        },
        {
          "x": 94000,
          "y": 65000
        },
        {
          "x": 94300,
          "y": 65000
        }
      ]
    },
    {
      "name": "B-004",
      "type": "room",
      "coordinates": [
        {
          "x": 94300,
          "y": 111300
        },
        {
          "x": 94300,
          "y": 141000
        },
        {
          "x": 116000,
          "y": 141000
        },
        {
          "x": 116000,
          "y": 111000
        },
        {
          "x": 94000,
          "y": 111000
        },
        {
          "x": 94300,
          "y": 111300
        }
      ]
    },
    {
      "name": "B-005",
      "type": "room",
      "coordinates": [
        {
          "x": 115600,
          "y": 111500
        },
        {
          "x": 115600,
          "y": 142000
        },
        {
          "x": 137000,
          "y": 142000
        },
        {
          "x": 137000,
          "y": 111000
        },
        {
          "x": 116000,
          "y": 111000
        },
        {
          "x": 115600,
          "y": 111500
        }
      ]
    },
    {
      "name": "B-006",
      "type": "room",
      "coordinates": [
        {
          "x": 136800,
          "y": 111000
        },
        {
          "x": 136800,
          "y": 142000
        },
        {
          "x": 158000,
          "y": 142000
        },
        {
          "x": 158000,
          "y": 111000
        },
        {
          "x": 137000,
          "y": 111000
        },
        {
          "x": 136800,
          "y": 111000
        }
      ]
    }
  ],
  "nodes": [
    {
      "id": "node-1",
      "coordinates": {
        "x": 90450,
        "y": 20175
      }
    },
    {
      "id": "node-2",
      "coordinates": {
        "x": 90950,
        "y": 61375
      }
    },
    {
      "id": "node-3",
      "coordinates": {
        "x": 90650,
        "y": 145275
      }
    },
    {
      "id": "node-4",
      "coordinates": {
        "x": 91150,
        "y": 184975
      }
    },
    {
      "id": "node-5",
      "coordinates": {
        "x": 90150,
        "y": 284775
      }
    },
    {
      "id": "node-6",
      "coordinates": {
        "x": 90650,
        "y": 312875
      }
    },
    {
      "id": "node-7",
      "coordinates": {
        "x": 161250,
        "y": 283275
      }
    },
    {
      "id": "node-8",
      "coordinates": {
        "x": 160650,
        "y": 184675
      }
    },
    {
      "id": "node-9",
      "coordinates": {
        "x": 160950,
        "y": 144675
      }
    },
    {
      "id": "node-10",
      "coordinates": {
        "x": 160850,
        "y": 62575
      }
    },
    {
      "id": "node-11",
      "coordinates": {
        "x": 161050,
        "y": 21075
      }
    }
  ],
  "edges": [
    {
      "sourceNodeId": "node-1",
      "targetNodeId": "node-2",
      "weight": 41203.03386887912
    },
    {
      "sourceNodeId": "node-2",
      "targetNodeId": "node-10",
      "weight": 69910.29967036331
    },
    {
      "sourceNodeId": "node-10",
      "targetNodeId": "node-9",
      "weight": 82100.06090131724
    },
    {
      "sourceNodeId": "node-9",
      "targetNodeId": "node-3",
      "weight": 70302.56040856549
    },
    {
      "sourceNodeId": "node-3",
      "targetNodeId": "node-2",
      "weight": 83900.53635108657
    },
    {
      "sourceNodeId": "node-4",
      "targetNodeId": "node-3",
      "weight": 39703.14848976086
    },
    {
      "sourceNodeId": "node-5",
      "targetNodeId": "node-4",
      "weight": 99805.00989429338
    },
    {
      "sourceNodeId": "node-6",
      "targetNodeId": "node-5",
      "weight": 28104.448046528152
    },
    {
      "sourceNodeId": "node-7",
      "targetNodeId": "node-8",
      "weight": 98601.82554090973
    },
    {
      "sourceNodeId": "node-4",
      "targetNodeId": "node-8",
      "weight": 69500.64747899835
    },
    {
      "sourceNodeId": "node-8",
      "targetNodeId": "node-9",
      "weight": 40001.12498418013
    },
    {
      "sourceNodeId": "node-10",
      "targetNodeId": "node-11",
      "weight": 41500.48192491263
    }
  ]
}