{
  "name": "E-Block Ground Floor",
  "originalScaleFactor": 1,
  "referenceScaleFactor": 100,
  "orientation" : "right",
  "rooms": [
    {
      "name": "LAB-2",
      "type": "room",
      "coordinates": [
        {
          "x": 83100,
          "y": 123000
        },
        {
          "x": 83100,
          "y": 206000
        },
        {
          "x": 132000,
          "y": 206000
        },
        {
          "x": 132000,
          "y": 123000
        },
        {
          "x": 83000,
          "y": 123000
        },
        {
          "x": 83100,
          "y": 123000
        }
      ]
    },
    {
      "name": "LAB-1",
      "type": "room",
      "coordinates": [
        {
          "x": 83000,
          "y": 206200
        },
        {
          "x": 83000,
          "y": 271000
        },
        {
          "x": 132000,
          "y": 271000
        },
        {
          "x": 132000,
          "y": 206000
        },
        {
          "x": 83000,
          "y": 206000
        },
        {
          "x": 83000,
          "y": 206200
        }
      ]
    },
    {
      "name": "class-1",
      "type": "room",
      "coordinates": [
        {
          "x": 150900,
          "y": 291200
        },
        {
          "x": 150900,
          "y": 353000
        },
        {
          "x": 199000,
          "y": 353000
        },
        {
          "x": 199000,
          "y": 290000
        },
        {
          "x": 151000,
          "y": 290000
        },
        {
          "x": 150900,
          "y": 291200
        }
      ]
    },
    {
      "name": "class-2",
      "type": "room",
      "coordinates": [
        {
          "x": 199600,
          "y": 289900
        },
        {
          "x": 199600,
          "y": 353000
        },
        {
          "x": 248000,
          "y": 353000
        },
        {
          "x": 248000,
          "y": 291000
        },
        {
          "x": 200000,
          "y": 291000
        },
        {
          "x": 199600,
          "y": 289900
        }
      ]
    },
    {
      "name": "class-3",
      "type": "room",
      "coordinates": [
        {
          "x": 295900,
          "y": 290600
        },
        {
          "x": 295900,
          "y": 355000
        },
        {
          "x": 345000,
          "y": 355000
        },
        {
          "x": 345000,
          "y": 290000
        },
        {
          "x": 296000,
          "y": 290000
        },
        {
          "x": 295900,
          "y": 290600
        }
      ]
    },
    {
      "name": "class-4",
      "type": "room",
      "coordinates": [
        {
          "x": 345100,
          "y": 290400
        },
        {
          "x": 345100,
          "y": 355000
        },
        {
          "x": 393000,
          "y": 355000
        },
        {
          "x": 393000,
          "y": 292000
        }
      ]
    },
    {
      "name": "Seminar Hall",
      "type": "room",
      "coordinates": [
        {
          "x": 411500,
          "y": 290500
        },
        {
          "x": 411500,
          "y": 356000
        },
        {
          "x": 538000,
          "y": 356000
        },
        {
          "x": 538000,
          "y": 291000
        },
        {
          "x": 412000,
          "y": 291000
        },
        {
          "x": 411500,
          "y": 290500
        }
      ]
    },
    {
      "name": "class-5",
      "type": "room",
      "coordinates": [
        {
          "x": 558600,
          "y": 290500
        },
        {
          "x": 558600,
          "y": 355000
        },
        {
          "x": 608000,
          "y": 355000
        },
        {
          "x": 608000,
          "y": 290000
        },
        {
          "x": 559000,
          "y": 290000
        },
        {
          "x": 558600,
          "y": 290500
        }
      ]
    },
    {
      "name": "class-6",
      "type": "room",
      "coordinates": [
        {
          "x": 608400,
          "y": 290000
        },
        {
          "x": 608400,
          "y": 355000
        },
        {
          "x": 656000,
          "y": 355000
        },
        {
          "x": 656000,
          "y": 290000
        },
        {
          "x": 608000,
          "y": 290000
        },
        {
          "x": 608400,
          "y": 290000
        }
      ]
    },
    {
      "name": "LAB-3",
      "type": "room",
      "coordinates": [
        {
          "x": 702000,
          "y": 290500
        },
        {
          "x": 702000,
          "y": 355000
        },
        {
          "x": 799000,
          "y": 355000
        },
        {
          "x": 799000,
          "y": 290000
        },
        {
          "x": 702000,
          "y": 290000
        },
        {
          "x": 702000,
          "y": 290500
        }
      ]
    },
    {
      "name": "LAB-4",
      "type": "room",
      "coordinates": [
        {
          "x": 818500,
          "y": 271000
        },
        {
          "x": 818500,
          "y": 355000
        },
        {
          "x": 867000,
          "y": 355000
        },
        {
          "x": 867000,
          "y": 271000
        },
        {
          "x": 819000,
          "y": 271000
        },
        {
          "x": 818500,
          "y": 271000
        }
      ]
    },
    {
      "name": "LAB-6",
      "type": "room",
      "coordinates": [
        {
          "x": 818800,
          "y": 206700
        },
        {
          "x": 818800,
          "y": 271000
        },
        {
          "x": 867000,
          "y": 271000
        },
        {
          "x": 867000,
          "y": 207000
        },
        {
          "x": 819000,
          "y": 207000
        },
        {
          "x": 818800,
          "y": 206700
        }
      ]
    },
    {
      "name": "LAB-5",
      "type": "room",
      "coordinates": [
        {
          "x": 702800,
          "y": 123000
        },
        {
          "x": 702800,
          "y": 187000
        },
        {
          "x": 800000,
          "y": 187000
        },
        {
          "x": 800000,
          "y": 124000
        },
        {
          "x": 703000,
          "y": 124000
        },
        {
          "x": 702800,
          "y": 123000
        }
      ]
    },
    {
      "name": "class",
      "type": "room",
      "coordinates": [
        {
          "x": 558600,
          "y": 122200
        },
        {
          "x": 558600,
          "y": 187000
        },
        {
          "x": 656000,
          "y": 187000
        },
        {
          "x": 656000,
          "y": 122000
        },
        {
          "x": 559000,
          "y": 122000
        },
        {
          "x": 558600,
          "y": 122200
        }
      ]
    },
    {
      "name": "BOYS-WASHROOM",
      "type": "room",
      "coordinates": [
        {
          "x": 488800,
          "y": 122400
        },
        {
          "x": 488800,
          "y": 187000
        },
        {
          "x": 538000,
          "y": 187000
        },
        {
          "x": 538000,
          "y": 123000
        },
        {
          "x": 489000,
          "y": 123000
        },
        {
          "x": 488800,
          "y": 122400
        }
      ]
    },
    {
      "name": "GIRLS-WASHROOM",
      "type": "room",
      "coordinates": [
        {
          "x": 411900,
          "y": 122600
        },
        {
          "x": 411900,
          "y": 187000
        },
        {
          "x": 461000,
          "y": 187000
        },
        {
          "x": 461000,
          "y": 122000
        },
        {
          "x": 412000,
          "y": 122000
        },
        {
          "x": 411900,
          "y": 122600
        }
      ]
    },
    {
      "name": "ELECTRICAL R/M",
      "type": "room",
      "coordinates": [
        {
          "x": 461200,
          "y": 167200
        },
        {
          "x": 461200,
          "y": 187000
        },
        {
          "x": 489000,
          "y": 187000
        },
        {
          "x": 489000,
          "y": 167000
        },
        {
          "x": 461000,
          "y": 167000
        },
        {
          "x": 461200,
          "y": 167200
        }
      ]
    },
    {
      "name": "class-10",
      "type": "room",
      "coordinates": [
        {
          "x": 344800,
          "y": 123100
        },
        {
          "x": 344800,
          "y": 187000
        },
        {
          "x": 393000,
          "y": 187000
        },
        {
          "x": 393000,
          "y": 124000
        },
        {
          "x": 345000,
          "y": 124000
        },
        {
          "x": 344800,
          "y": 123100
        }
      ]
    },
    {
      "name": "class-9",
      "type": "room",
      "coordinates": [
        {
          "x": 296000,
          "y": 123400
        },
        {
          "x": 296000,
          "y": 187000
        },
        {
          "x": 345000,
          "y": 187000
        },
        {
          "x": 345000,
          "y": 124000
        },
        {
          "x": 296000,
          "y": 124000
        },
        {
          "x": 296000,
          "y": 123400
        }
      ]
    },
    {
      "name": "class-8",
      "type": "room",
      "coordinates": [
        {
          "x": 199900,
          "y": 123500
        },
        {
          "x": 199900,
          "y": 187000
        },
        {
          "x": 248000,
          "y": 187000
        },
        {
          "x": 248000,
          "y": 123000
        },
        {
          "x": 200000,
          "y": 123000
        },
        {
          "x": 199900,
          "y": 123500
        }
      ]
    },
    {
      "name": "class-7",
      "type": "room",
      "coordinates": [
        {
          "x": 151400,
          "y": 123900
        },
        {
          "x": 151400,
          "y": 187000
        },
        {
          "x": 200000,
          "y": 187000
        },
        {
          "x": 200000,
          "y": 123000
        },
        {
          "x": 151000,
          "y": 123000
        },
        {
          "x": 151400,
          "y": 123900
        }
      ]
    },
    {
      "name": "UPS R/M",
      "type": "room",
      "coordinates": [
        {
          "x": 151500,
          "y": 206100
        },
        {
          "x": 151500,
          "y": 232000
        },
        {
          "x": 175000,
          "y": 232000
        },
        {
          "x": 175000,
          "y": 206000
        },
        {
          "x": 152000,
          "y": 206000
        },
        {
          "x": 151500,
          "y": 206100
        }
      ]
    },
    {
      "name": "SERVER R/M",
      "type": "room",
      "coordinates": [
        {
          "x": 151600,
          "y": 232000
        },
        {
          "x": 151600,
          "y": 248000
        },
        {
          "x": 175000,
          "y": 248000
        },
        {
          "x": 175000,
          "y": 232000
        },
        {
          "x": 152000,
          "y": 232000
        },
        {
          "x": 151600,
          "y": 232000
        }
      ]
    },
    {
      "name": "STAFF-CABINS",
      "type": "room",
      "coordinates": [
        {
          "x": 184700,
          "y": 206400
        },
        {
          "x": 184700,
          "y": 247000
        },
        {
          "x": 208000,
          "y": 247000
        },
        {
          "x": 208000,
          "y": 206000
        },
        {
          "x": 185000,
          "y": 206000
        },
        {
          "x": 184700,
          "y": 206400
        }
      ]
    },
    {
      "name": "LIFT",
      "type": "room",
      "coordinates": [
        {
          "x": 185900,
          "y": 257400
        },
        {
          "x": 185900,
          "y": 272000
        },
        {
          "x": 208000,
          "y": 272000
        },
        {
          "x": 208000,
          "y": 258000
        },
        {
          "x": 186000,
          "y": 258000
        },
        {
          "x": 185900,
          "y": 257400
        }
      ]
    },
    {
      "name": "stairs",
      "type": "room",
      "coordinates": [
        {
          "x": 151700,
          "y": 248200
        },
        {
          "x": 151700,
          "y": 270000
        },
        {
          "x": 185000,
          "y": 270000
        },
        {
          "x": 185000,
          "y": 249000
        },
        {
          "x": 152000,
          "y": 249000
        },
        {
          "x": 151700,
          "y": 248200
        }
      ]
    },
    {
      "name": "LIFT",
      "type": "room",
      "coordinates": [
        {
          "x": 247600,
          "y": 229400
        },
        {
          "x": 247600,
          "y": 242000
        },
        {
          "x": 263000,
          "y": 242000
        },
        {
          "x": 263000,
          "y": 207000
        },
        {
          "x": 247000,
          "y": 207000
        }
      ]
    },
    {
      "name": "stairs",
      "type": "room",
      "coordinates": [
        {
          "x": 247600,
          "y": 243300
        },
        {
          "x": 247600,
          "y": 272000
        },
        {
          "x": 294000,
          "y": 272000
        },
        {
          "x": 294000,
          "y": 243000
        },
        {
          "x": 248000,
          "y": 243000
        },
        {
          "x": 247600,
          "y": 243300
        }
      ]
    },
    {
      "name": "LIFT",
      "type": "room",
      "coordinates": [
        {
          "x": 297400,
          "y": 257000
        },
        {
          "x": 297400,
          "y": 272000
        },
        {
          "x": 315000,
          "y": 272000
        },
        {
          "x": 315000,
          "y": 256000
        },
        {
          "x": 298000,
          "y": 256000
        },
        {
          "x": 297400,
          "y": 257000
        }
      ]
    },
    {
      "name": "LIFT",
      "type": "room",
      "coordinates": [
        {
          "x": 335800,
          "y": 206300
        },
        {
          "x": 335800,
          "y": 221000
        },
        {
          "x": 359000,
          "y": 221000
        },
        {
          "x": 359000,
          "y": 207000
        },
        {
          "x": 336000,
          "y": 207000
        },
        {
          "x": 335800,
          "y": 206300
        }
      ]
    },
    {
      "name": "stairs",
      "type": "room",
      "coordinates": [
        {
          "x": 359100,
          "y": 206300
        },
        {
          "x": 359100,
          "y": 230000
        },
        {
          "x": 392000,
          "y": 230000
        },
        {
          "x": 392000,
          "y": 207000
        },
        {
          "x": 359000,
          "y": 207000
        },
        {
          "x": 359100,
          "y": 206300
        }
      ]
    },
    {
      "name": "STAFF-CABINS",
      "type": "room",
      "coordinates": [
        {
          "x": 337100,
          "y": 230500
        },
        {
          "x": 337100,
          "y": 272000
        },
        {
          "x": 393000,
          "y": 272000
        },
        {
          "x": 393000,
          "y": 230000
        },
        {
          "x": 337000,
          "y": 230000
        },
        {
          "x": 337100,
          "y": 230500
        }
      ]
    },
    {
      "name": "tutorial-4",
      "type": "room",
      "coordinates": [
        {
          "x": 412400,
          "y": 206100
        },
        {
          "x": 412400,
          "y": 239000
        },
        {
          "x": 460000,
          "y": 239000
        },
        {
          "x": 460000,
          "y": 206000
        },
        {
          "x": 413000,
          "y": 206000
        },
        {
          "x": 412400,
          "y": 206100
        }
      ]
    },
    {
      "name": "tutorial-3",
      "type": "room",
      "coordinates": [
        {
          "x": 412500,
          "y": 238800
        },
        {
          "x": 412500,
          "y": 273000
        },
        {
          "x": 460000,
          "y": 273000
        },
        {
          "x": 460000,
          "y": 239000
        },
        {
          "x": 413000,
          "y": 239000
        },
        {
          "x": 412500,
          "y": 238800
        }
      ]
    },
    {
      "name": "tutorial-1",
      "type": "room",
      "coordinates": [
        {
          "x": 489000,
          "y": 206100
        },
        {
          "x": 489000,
          "y": 240000
        },
        {
          "x": 538000,
          "y": 240000
        },
        {
          "x": 538000,
          "y": 206000
        },
        {
          "x": 489000,
          "y": 206000
        },
        {
          "x": 489000,
          "y": 206100
        }
      ]
    },
    {
      "name": "tutorial-2",
      "type": "room",
      "coordinates": [
        {
          "x": 489000,
          "y": 240200
        },
        {
          "x": 489000,
          "y": 272000
        },
        {
          "x": 538000,
          "y": 272000
        },
        {
          "x": 538000,
          "y": 240000
        },
        {
          "x": 489000,
          "y": 240000
        },
        {
          "x": 489000,
          "y": 240200
        }
      ]
    },
    {
      "name": "STAFF-CABIN",
      "type": "room",
      "coordinates": [
        {
          "x": 558300,
          "y": 206000
        },
        {
          "x": 558300,
          "y": 248000
        },
        {
          "x": 617000,
          "y": 248000
        },
        {
          "x": 617000,
          "y": 206000
        },
        {
          "x": 559000,
          "y": 206000
        },
        {
          "x": 558300,
          "y": 206000
        }
      ]
    },
    {
      "name": "LIFT",
      "type": "room",
      "coordinates": [
        {
          "x": 593900,
          "y": 256600
        },
        {
          "x": 593900,
          "y": 272000
        },
        {
          "x": 616000,
          "y": 272000
        },
        {
          "x": 616000,
          "y": 257000
        },
        {
          "x": 594000,
          "y": 257000
        },
        {
          "x": 593900,
          "y": 256600
        }
      ]
    },
    {
      "name": "stairs",
      "type": "room",
      "coordinates": [
        {
          "x": 558500,
          "y": 248100
        },
        {
          "x": 558500,
          "y": 271000
        },
        {
          "x": 594000,
          "y": 271000
        },
        {
          "x": 594000,
          "y": 248000
        },
        {
          "x": 559000,
          "y": 248000
        },
        {
          "x": 558500,
          "y": 248100
        }
      ]
    },
    {
      "name": "LIFT",
      "type": "room",
      "coordinates": [
        {
          "x": 655400,
          "y": 229600
        },
        {
          "x": 655400,
          "y": 242000
        },
        {
          "x": 670000,
          "y": 242000
        },
        {
          "x": 670000,
          "y": 229000
        },
        {
          "x": 656000,
          "y": 229000
        },
        {
          "x": 655400,
          "y": 229600
        }
      ]
    },
    {
      "name": "stairs",
      "type": "room",
      "coordinates": [
        {
          "x": 655400,
          "y": 243200
        },
        {
          "x": 655400,
          "y": 272000
        },
        {
          "x": 702000,
          "y": 272000
        },
        {
          "x": 702000,
          "y": 243000
        },
        {
          "x": 656000,
          "y": 243000
        },
        {
          "x": 655400,
          "y": 243200
        }
      ]
    },
    {
      "name": "stairs",
      "type": "room",
      "coordinates": [
        {
          "x": 670600,
          "y": 206500
        },
        {
          "x": 670600,
          "y": 242000
        },
        {
          "x": 702000,
          "y": 242000
        },
        {
          "x": 702000,
          "y": 206000
        },
        {
          "x": 671000,
          "y": 206000
        },
        {
          "x": 670600,
          "y": 206500
        }
      ]
    },
    {
      "name": "LIFT",
      "type": "room",
      "coordinates": [
        {
          "x": 703700,
          "y": 256900
        },
        {
          "x": 703700,
          "y": 272000
        },
        {
          "x": 720000,
          "y": 272000
        },
        {
          "x": 720000,
          "y": 257000
        },
        {
          "x": 704000,
          "y": 257000
        },
        {
          "x": 703700,
          "y": 256900
        }
      ]
    },
    {
      "name": "STAFF-CABIN",
      "type": "room",
      "coordinates": [
        {
          "x": 742000,
          "y": 230400
        },
        {
          "x": 742000,
          "y": 272000
        },
        {
          "x": 779000,
          "y": 272000
        },
        {
          "x": 779000,
          "y": 231000
        },
        {
          "x": 742000,
          "y": 231000
        },
        {
          "x": 742000,
          "y": 230400
        }
      ]
    },
    {
      "name": "LIFT",
      "type": "room",
      "coordinates": [
        {
          "x": 741400,
          "y": 206300
        },
        {
          "x": 741400,
          "y": 221000
        },
        {
          "x": 765000,
          "y": 221000
        },
        {
          "x": 765000,
          "y": 207000
        },
        {
          "x": 742000,
          "y": 207000
        },
        {
          "x": 741400,
          "y": 206300
        }
      ]
    },
    {
      "name": "stairs",
      "type": "room",
      "coordinates": [
        {
          "x": 764700,
          "y": 206600
        },
        {
          "x": 764700,
          "y": 230000
        },
        {
          "x": 799000,
          "y": 230000
        },
        {
          "x": 799000,
          "y": 207000
        },
        {
          "x": 765000,
          "y": 207000
        },
        {
          "x": 764700,
          "y": 206600
        }
      ]
    },
    {
      "name": "SERVER R/M",
      "type": "room",
      "coordinates": [
        {
          "x": 779300,
          "y": 231100
        },
        {
          "x": 779300,
          "y": 246000
        },
        {
          "x": 798000,
          "y": 246000
        },
        {
          "x": 798000,
          "y": 232000
        },
        {
          "x": 780000,
          "y": 232000
        },
        {
          "x": 779300,
          "y": 231100
        }
      ]
    },
    {
      "name": "UPS R/M",
      "type": "room",
      "coordinates": [
        {
          "x": 779300,
          "y": 246700
        },
        {
          "x": 779300,
          "y": 272000
        },
        {
          "x": 799000,
          "y": 272000
        },
        {
          "x": 799000,
          "y": 246000
        },
        {
          "x": 779000,
          "y": 246000
        },
        {
          "x": 779300,
          "y": 246700
        }
      ]
    },
    {
      "name": "stairs",
      "type": "room",
      "coordinates": [
        {
          "x": 263600,
          "y": 207800
        },
        {
          "x": 263600,
          "y": 242000
        },
        {
          "x": 294000,
          "y": 242000
        },
        {
          "x": 294000,
          "y": 207000
        },
        {
          "x": 264000,
          "y": 207000
        },
        {
          "x": 263600,
          "y": 207800
        }
      ]
    }
  ],
  "nodes": [
    {
      "id": "node-1",
      "coordinates": {
        "x": 141200,
        "y": 196675
      }
    },
    {
      "id": "node-2",
      "coordinates": {
        "x": 270200,
        "y": 195175
      }

    },
    {
      "id": "node-3",
      "coordinates": {
        "x": 402900,
        "y": 196175
      }
    },
    {
      "id": "node-4",
      "coordinates": {
        "x": 550100,
        "y": 197275
      }
    },
    {
      "id": "node-5",
      "coordinates": {
        "x": 678300,
        "y": 195375
      }
    },
    {
      "id": "node-6",
      "coordinates": {
        "x": 808100,
        "y": 196875
      }
    },
    {
      "id": "node-7",
      "coordinates": {
        "x": 807200,
        "y": 281175
      }
    },
    {
      "id": "node-8",
      "coordinates": {
        "x": 680100,
        "y": 282475
      }
    },
    {
      "id": "node-9",
      "coordinates": {
        "x": 548800,
        "y": 281075
      }
    },
    {
      "id": "node-10",
      "coordinates": {
        "x": 403200,
        "y": 281575
      }
    },
    {
      "id": "node-11",
      "coordinates": {
        "x": 272900,
        "y": 281875
      }
    },
    {
      "id": "node-12",
      "coordinates": {
        "x": 142600,
        "y": 282575
      }
    },
    {
      "id": "node-13",
      "coordinates": {
        "x": 142000,
        "y": 136675
      }

    },
    {
      "id": "node-14",
      "coordinates": {
        "x": 141900,
        "y": 346175
      },
      "alias":["Entrance"]

    },
    {
      "id": "node-15",
      "coordinates": {
        "x": 402100,
        "y": 345275
      }
    },
    {
      "id": "node-16",
      "coordinates": {
        "x": 401100,
        "y": 131175
      }
    },
    {
      "id": "node-17",
      "coordinates": {
        "x": 548900,
        "y": 134575
      }
    },
    {
      "id": "node-18",
      "coordinates": {
        "x": 549400,
        "y": 342975
      }
    },
    {
      "id": "node-19",
      "coordinates": {
        "x": 808400,
        "y": 343175
      }
    },
    {
      "id": "node-20",
      "coordinates": {
        "x": 808000,
        "y": 131275
      }

    }
  ],
  "edges": [
    {
      "sourceNodeId": "node-1",
      "targetNodeId": "node-2",
      "weight": 129008.72063546712
    },
    {
      "sourceNodeId": "node-2",
      "targetNodeId": "node-3",
      "weight": 132703.76784402167
    },
    {
      "sourceNodeId": "node-3",
      "targetNodeId": "node-4",
      "weight": 147204.10999696984
    },
    {
      "sourceNodeId": "node-4",
      "targetNodeId": "node-5",
      "weight": 128214.07879012352
    },
    {
      "sourceNodeId": "node-5",
      "targetNodeId": "node-6",
      "weight": 129808.66689092836
    },
    {
      "sourceNodeId": "node-7",
      "targetNodeId": "node-6",
      "weight": 84304.80413357235
    },
    {
      "sourceNodeId": "node-8",
      "targetNodeId": "node-7",
      "weight": 127106.6481345488
    },
    {
      "sourceNodeId": "node-8",
      "targetNodeId": "node-9",
      "weight": 131307.46361117484
    },
    {
      "sourceNodeId": "node-9",
      "targetNodeId": "node-4",
      "weight": 83810.08292562417
    },
    {
      "sourceNodeId": "node-10",
      "targetNodeId": "node-9",
      "weight": 145600.85851395244
    },
    {
      "sourceNodeId": "node-10",
      "targetNodeId": "node-3",
      "weight": 85400.5269304587
    },
    {
      "sourceNodeId": "node-12",
      "targetNodeId": "node-1",
      "weight": 85911.40785716411
    },
    {
      "sourceNodeId": "node-12",
      "targetNodeId": "node-11",
      "weight": 130301.88026271915
    },
    {
      "sourceNodeId": "node-11",
      "targetNodeId": "node-10",
      "weight": 130300.3453564111
    },
    {
      "sourceNodeId": "node-20",
      "targetNodeId": "node-6",
      "weight": 65600.07621946791
    },
    {
      "sourceNodeId": "node-7",
      "targetNodeId": "node-19",
      "weight": 62011.61181585268
    },
    {
      "sourceNodeId": "node-9",
      "targetNodeId": "node-18",
      "weight": 61902.90784769323
    },
    {
      "sourceNodeId": "node-17",
      "targetNodeId": "node-4",
      "weight": 62711.48220222514
    },
    {
      "sourceNodeId": "node-10",
      "targetNodeId": "node-15",
      "weight": 63709.496937269876
    },
    {
      "sourceNodeId": "node-16",
      "targetNodeId": "node-3",
      "weight": 65024.91830060227
    },
    {
      "sourceNodeId": "node-12",
      "targetNodeId": "node-14",
      "weight": 63603.85208460254
    },
    {
      "sourceNodeId": "node-1",
      "targetNodeId": "node-13",
      "weight": 60005.33309631736
    }
  ]
}